{"cameraMode":{"drawMode":0,"name":"Shaded","section":"Shading Mode"},"sceneLighting":true,"audioPlay":false,"sceneViewState":{"showFog":true,"showMaterialUpdate":true,"showSkybox":true,"showFlares":true,"showImageEffects":true,"showParticleSystems":true},"in2DMode":false,"pivot":{"x":0.08139148354530335,"y":0.5949503183364868,"z":-9.267265319824219},"rotation":{"x":-0.310116708278656,"y":0.0005722758360207081,"z":-0.0001610338658792898,"w":-0.9507179260253906},"size":15.596256256103516,"orthographic":false}